Category,sum,count,mean
Food & Drink,1567.23,21,74.63
Travel-Airline,537.9399999999999,4,134.48499999999999
Transportation-Taxis & Coach,149.56,7,21.365714285714287
Misc,20.0,1,20.0
